class_kr,class_gms,nickname,level,combat_power,hexa_converted_main_stat,dps,dpm,measured_seconds,cooldown_reduction_sec,maplescouter_trusted
나이트로드,Night Lord,요나스,298,1070625876,124279,7184604598771,431076275926260,340,2,True
나이트로드,Night Lord,씸즈,296,920981895,121115,6604418811637,396265128698220,337,5,True
나이트로드,Night Lord,난뎅,298,943941427,120131,6377502494128,382650149647680,340,2,True
나이트로드,Night Lord,한창히,295,844580705,117173,5662253902503,339735234150180,341,2,True
나이트로드,Night Lord,물리과,297,809796417,116511,5271279410454,316276764627240,338,2,True
나이트로드,Night Lord,표창느림,298,750707201,114357,5158047967961,309482878077660,338,3,True
나이트로드,Night Lord,람극,297,754371396,114041,5127311553235,307638693194100,341,2,True
나이트로드,Night Lord,떡꼬지장인,293,732772105,113815,4985121537991,299107292279460,340,3,True
나이트로드,Night Lord,로오,295,648425704,111281,4659023106722,279541386403320,335,6,True
나이트로드,Night Lord,나는홰지,295,670054719,111210,4614502193330,276870131599800,341,2,True
나이트로드,Night Lord,벤쯔,297,670779512,111463,4590728249412,275443694964720,337,4,True
나이트로드,Night Lord,꿈연애,295,519025066,105118,3827662280887,229659736853220,337,5,True
나이트로드,Night Lord,뇌젼,296,546899761,103693,3604075648432,216244538905920,346,0,True
나이트로드,Night Lord,마뀨마,294,455730928,98411,3204891086570,192293465194200,339,2,True
나이트로드,Night Lord,앤쉴,295,395728855,94896,2785498958636,167129937518160,340,2,True
나이트로드,Night Lord,비라썸,293,306333164,84252,2138834267547,128330056052820,339,2,True
나이트로드,Night Lord,남부,296,309849682,84608,2038698056659,122321883399540,343,2,True
나이트로드,Night Lord,땅땅랑,296,318196208,78440,1720972782770,103258366966200,345,0,True
나이트로드,Night Lord,쿨댕님,291,302512304,77561,1662584017749,99755041064940,348,0,True
나이트로드,Night Lord,애우팟,293,303598671,82984,1660377764849,99622665890940,344,0,False
나이트워커,Night Walker,펀시,295,871669470,118473,6334496019232,380069761153920,336,4,True
나이트워커,Night Walker,점프캔슬초보,296,736510439,115592,5583997840658,335039870439480,333,5,True
나이트워커,Night Walker,자히르,298,714186350,113232,5044977267010,302698636020600,334,4,True
나이트워커,Night Walker,난입꾼,295,648922889,111072,4860505981432,291630358885920,338,3,True
나이트워커,Night Walker,냥이꾸짖기,296,687297264,112149,4772987122904,286379227374240,334,5,True
나이트워커,Night Walker,미청필,293,624423491,110660,4750237295282,285014237716920,337,4,True
나이트워커,Night Walker,저열하다,295,608426088,109065,4605736453874,276344187232440,339,3,True
나이트워커,Night Walker,탬탬인,294,721979468,113422,4059449330329,243566959819740,338,3,False
나이트워커,Night Walker,당흖,294,539921051,105036,3874887167918,232493230075080,342,2,True
나이트워커,Night Walker,랙키,294,417683458,98164,3131892669066,187913560143960,338,3,True
나이트워커,Night Walker,푸딩슈슈,292,412027501,94309,2860668146995,171640088819700,339,2,True
나이트워커,Night Walker,아대쓴,295,362704156,92035,2553882393192,153232943591520,348,0,True
나이트워커,Night Walker,lQwQI,294,392183065,87265,2412056106038,144723366362280,338,2,True
나이트워커,Night Walker,쿠팡추노하기,290,395746070,88023,2394601924145,143676115448700,350,0,True
나이트워커,Night Walker,김서기,290,354400097,82491,2028405072342,121704304340520,351,0,True
나이트워커,Night Walker,민이티,295,307613551,80190,1721106257291,103266375437460,352,0,True
다크나이트,Dark Knight,맑디맑은강,296,907217420,120210,6463853850547,387831231032820,335,5,True
다크나이트,Dark Knight,지그,293,666684877,112300,5075961795910,304557707754600,333,7,True
다크나이트,Dark Knight,박로치,294,636328201,110897,4610152549555,276609152973300,335,5,True
다크나이트,Dark Knight,얏호,297,609757723,110442,4588503844481,275310230668860,337,5,True
다크나이트,Dark Knight,박창직,296,593951464,108825,4246148260526,254768895631560,335,5,True
다크나이트,Dark Knight,잊는중,296,556872761,108164,4206826169933,252409570195980,335,5,True
다크나이트,Dark Knight,창킬,295,398060109,93720,2701839588083,162110375284980,335,5,True
다크나이트,Dark Knight,정승현,293,349891443,90403,2413183434892,144791006093520,337,5,True
다크나이트,Dark Knight,재재빌,292,374394948,88050,2324041396420,139442483785200,335,5,True
다크나이트,Dark Knight,김래준,294,340839175,87233,2197024251704,131821455102240,336,5,True
다크나이트,Dark Knight,킴마콩,292,323259820,89006,2180897527050,130853851623000,337,5,True
다크나이트,Dark Knight,냥아홀릭,291,338426989,84281,2151622363471,129097341808260,336,5,True
다크나이트,Dark Knight,묵맛,291,300003327,83368,2020377174276,121222630456560,337,5,True
다크나이트,Dark Knight,암기웨이,290,314803424,79825,1795749305650,107744958339000,344,5,True
다크나이트,Dark Knight,동현아달려라,290,304716907,79848,1721590699254,103295441955240,338,4,True
다크나이트,Dark Knight,김초류,290,301006152,78956,1581599097779,94895945866740,348,0,False
데몬슬레이어,Demon Slayer,악마아야,295,922741709,120983,6671213116446,400272786986760,336,3,True
데몬슬레이어,Demon Slayer,성빔,296,730314531,113884,5212731000607,312763860036420,341,3,True
데몬슬레이어,Demon Slayer,른넬,296,672895330,112683,5059005634292,303540338057520,338,2,True
데몬슬레이어,Demon Slayer,국화꽃길,295,686135633,112346,4911254794402,294675287664120,339,2,True
데몬슬레이어,Demon Slayer,심파,296,676936259,111821,4868925810749,292135548644940,338,3,True
데몬슬레이어,Demon Slayer,요르히,295,695861708,111667,4597937912704,275876274762240,339,2,True
데몬슬레이어,Demon Slayer,뮈족,292,555296221,106842,3860168357032,231610101421920,348,0,True
데몬슬레이어,Demon Slayer,튼뚜,295,439488111,97767,3071807858791,184308471527460,342,2,True
데몬슬레이어,Demon Slayer,박광,294,317809469,83341,2039133994795,122348039687700,342,3,True
데몬슬레이어,Demon Slayer,자색장발머리,292,311647515,81222,1854753130784,111285187847040,344,2,True
데몬어벤져,Demon Avenger,아스퍼거,296,1058033539,122512,7335302868116,440118172086960,343,2,True
데몬어벤져,Demon Avenger,바다소녀,296,930447961,118246,6317931238015,379075874280900,338,2,True
데몬어벤져,Demon Avenger,너에게만,296,870813031,116223,6199203035990,371952182159400,342,2,True
데몬어벤져,Demon Avenger,과념,296,745184155,111661,5205685140967,312341108458020,341,4,True
데몬어벤져,Demon Avenger,언링,295,780234115,112483,5163909017512,309834541050720,336,5,True
데몬어벤져,Demon Avenger,띠냐,295,698051554,110875,4952025598379,297121535902740,336,5,True
데몬어벤져,Demon Avenger,칼챔몬,294,708403838,110117,4855609933109,291336595986540,338,5,True
데몬어벤져,Demon Avenger,극포실,295,686121213,108663,4761058829819,285663529789140,339,2,True
데몬어벤져,Demon Avenger,시돌,295,674395366,107525,4598847950211,275930877012660,340,2,True
데몬어벤져,Demon Avenger,나는데벤여름,295,630456397,105671,4325370617718,259522237063080,337,5,True
데몬어벤져,Demon Avenger,랖규,295,604096298,103916,4040578091143,242434685468580,342,2,True
데몬어벤져,Demon Avenger,네라이젤,292,468097326,91684,2841625532203,170497531932180,338,2,True
데몬어벤져,Demon Avenger,진만도님,295,362133788,87449,2480191150181,148811469010860,342,2,True
데몬어벤져,Demon Avenger,프가,291,411980826,84602,2371847011404,142310820684240,341,2,True
데몬어벤져,Demon Avenger,preny,292,404898127,84619,2304905219011,138294313140660,347,2,True
데몬어벤져,Demon Avenger,뎨벳져,290,379533502,78699,1959362837698,117561770261880,339,2,True
데몬어벤져,Demon Avenger,테라아버닝,290,327008418,76764,1904412323553,114264739413180,340,2,True
데몬어벤져,Demon Avenger,서벅,285,306472077,69565,1531105388209,91866323292540,340,3,True
데몬어벤져,Demon Avenger,우흥죽순,286,316497966,70007,1451568716971,87094123018260,347,2,True
데몬어벤져,Demon Avenger,오빤항상뜨밤,290,304187449,68158,1394603999116,83676239946960,343,2,True
듀얼블레이드,Dual Blade,상온,296,1624579813,133571,10006716798942,600403007936520,336,5,True
듀얼블레이드,Dual Blade,펄이,297,1388987347,129257,8436820461940,506209227716400,335,5,True
듀얼블레이드,Dual Blade,살벌,298,1321917817,127336,8008524975769,480511498546140,334,5,True
듀얼블레이드,Dual Blade,뜨블,295,1111906340,122158,7136430387588,428185823255280,336,5,True
듀얼블레이드,Dual Blade,동윤,297,986441334,118963,6460951088637,387657065318220,338,5,True
듀얼블레이드,Dual Blade,샤댕,296,983244021,119243,6358317535870,381499052152200,337,5,True
듀얼블레이드,Dual Blade,느님,296,1011837432,119181,6181085375755,370865122545300,336,5,True
듀얼블레이드,Dual Blade,꿈환,297,1111264313,120715,5962489981450,357749398887000,337,5,True
듀얼블레이드,Dual Blade,착지점,295,863781565,114716,5421186653657,325271199219420,336,5,True
듀얼블레이드,Dual Blade,체어맨,296,788843538,112703,5161820491262,309709229475720,337,5,True
듀얼블레이드,Dual Blade,쌍과도,295,756406061,112690,5013468823003,300808129380180,335,5,True
듀얼블레이드,Dual Blade,줴걀,296,839771194,114003,4988990311618,299339418697080,337,5,True
듀얼블레이드,Dual Blade,김세창,293,748101814,111060,4940513342724,296430800563440,337,5,True
듀얼블레이드,Dual Blade,실해,296,810473143,113071,4915821184156,294949271049360,336,5,True
듀얼블레이드,Dual Blade,orange듀,295,782304743,112817,4857188320382,291431299222920,336,5,True
듀얼블레이드,Dual Blade,랑에,296,726500423,109458,4417068337243,265024100234580,354,5,True
듀얼블레이드,Dual Blade,잎가시,295,707152951,108368,4384433496266,263066009775960,335,5,True
듀얼블레이드,Dual Blade,내실,294,652593410,107061,4207842092912,252470525574720,337,5,True
듀얼블레이드,Dual Blade,뿌요와,297,627927453,107250,4151047435392,249062846123520,337,5,True
듀얼블레이드,Dual Blade,헤슬라,295,650455433,107004,4067832638308,244069958298480,336,5,True
듀얼블레이드,Dual Blade,듀겅,292,730427419,107491,4050237385638,243014243138280,338,4,True
듀얼블레이드,Dual Blade,뿔카노,295,601968939,103367,3589916096107,215394965766420,334,5,True
듀얼블레이드,Dual Blade,민쭁,295,545902539,101827,3492299613680,209537976820800,336,5,True
듀얼블레이드,Dual Blade,은하점,293,548584173,101276,3473772631858,208426357911480,337,5,True
듀얼블레이드,Dual Blade,금례,296,445339966,93979,2783193571876,166991614312560,335,5,True
듀얼블레이드,Dual Blade,양재웅,295,458535911,91474,2438434491964,146306069517840,335,5,True
듀얼블레이드,Dual Blade,야발추,291,464841027,86503,2358806004756,141528360285360,337,4,True
듀얼블레이드,Dual Blade,에핀,290,495741275,90046,2335474929231,140128495753860,334,5,True
듀얼블레이드,Dual Blade,스테로나,290,373283617,82516,2051468801842,123088128110520,337,4,True
듀얼블레이드,Dual Blade,고동빈,292,323261680,80829,1958403076846,117504184610760,338,5,True
듀얼블레이드,Dual Blade,케시문,292,351226533,80798,1929185286566,115751117193960,336,5,True
듀얼블레이드,Dual Blade,인페,295,352238761,79555,1925935977940,115556158676400,337,5,True
듀얼블레이드,Dual Blade,페디꽃,292,339017075,78187,1780376865027,106822611901620,338,4,True
듀얼블레이드,Dual Blade,Flower,294,323709501,78110,1683841138038,101030468282280,334,5,True
듀얼블레이드,Dual Blade,어얼블레이드,285,359735820,75187,1556561228882,93393673732920,336,5,True
듀얼블레이드,Dual Blade,설강우,295,301624945,75429,1524368134183,91462088050980,336,3,True
듀얼블레이드,Dual Blade,돌퍼,290,300432563,71499,1411366280848,84681976850880,339,2,True
듀얼블레이드,Dual Blade,눙싫,292,302616244,72033,1398174670321,83890480219260,341,2,True
듀얼블레이드,Dual Blade,쌍검잡이라면,292,311520619,72710,1381113561893,82866813713580,337,5,True
듀얼블레이드,Dual Blade,호메노비,289,300644988,72814,1324126522354,79447591341240,335,4,False
라라,Lara,라라라,298,1072467354,125260,7750217754517,465013065271020,335,5,True
라라,Lara,해협,297,979959085,122647,7070778719551,424246723173060,342,2,True
라라,Lara,분출,295,971941176,122085,7055552934272,423333176056320,337,5,True
라라,Lara,아기양라라쟝,295,927696390,120808,6708562412313,402513744738780,337,5,True
라라,Lara,잉갱,298,712690364,114733,5416137138634,324968228318040,340,5,True
라라,Lara,라라로할고야,295,716011559,114595,5368261673015,322095700380900,342,3,True
라라,Lara,김팡산,295,698525457,112902,5132434560784,307946073647040,342,2,True
라라,Lara,헤피,294,652801831,110111,4379838027645,262790281658700,343,2,True
라라,Lara,완냐냔뇨,293,589123124,105524,3980955672769,238857340366140,339,2,True
라라,Lara,흴라라,295,551074606,104660,3977078752894,238624725173640,344,2,True
라라,Lara,뿔잡빨,292,498420755,99134,3273476469229,196408588153740,342,2,True
라라,Lara,테섭,295,420727339,98855,3246996693208,194819801592480,349,3,True
라라,Lara,엥새,294,365046837,95800,2991789267762,179507356065720,338,4,True
라라,Lara,폭이로,294,346768822,89562,2542200636899,152532038213940,342,2,True
라라,Lara,뿌땐,291,332698200,88129,2451036395543,147062183732580,344,2,True
라라,Lara,나린사람,291,315465283,87216,2392310689483,143538641368980,345,2,True
라라,Lara,얏바린,293,350463371,83665,2149725571451,128983534287060,344,3,True
라라,Lara,똑똑라라양,293,305225781,80944,2021732786234,121303967174040,357,0,True
라라,Lara,서울대,291,377847574,82676,1950788712757,117047322765420,351,0,True
라라,Lara,라롱,291,333620367,80857,1813366309793,108801978587580,340,2,True
라라,Lara,슬윤라라,290,310285553,77251,1678044774701,100682686482060,347,0,True
라라,Lara,Lunela,290,302438558,76809,1596838459627,95810307577620,345,1,True
레테,Lethe,쨔금,287,726993312,109975,4450792691017,267047561461020,342,5,True
레테,Lethe,클파레테,290,490387713,102526,3549996392789,212999783567340,340,5,True
레테,Lethe,수희레테,288,466714710,97812,3112393785836,186743627150160,345,2,True
레테,Lethe,리미널코일,285,454476797,95000,2699562891004,161973773460240,342,4,True
레테,Lethe,찍사,288,384253009,92246,2692597702815,161555862168900,343,3,True
레테,Lethe,호감도,288,396200562,91649,2664341864064,159860511843840,342,5,True
레테,Lethe,늑구와레테쟝,285,301135016,77104,1802438000613,108146280036780,339,5,True
렌,Ren,낭인,295,1280814012,130074,8962756984507,537765419070420,336,5,True
렌,Ren,키약새,295,1097136682,126039,7742493670811,464549620248660,339,5,True
렌,Ren,링곰,295,1079895267,124746,7562468258035,453748095482100,339,5,True
렌,Ren,강캐,295,927434550,120430,6346482329765,380788939785900,342,5,True
렌,Ren,령수,295,816298275,117353,5851971274674,351118276480440,338,5,True
렌,Ren,홍격,295,825415755,116702,5578779261866,334726755711960,338,5,True
렌,Ren,숏컷,295,772269818,115893,5457530284864,327451817091840,338,5,True
렌,Ren,Pecsoll,295,770733920,115001,5412917691538,324775061492280,338,5,True
렌,Ren,지누묘,296,711170847,112675,4946270346501,296776220790060,338,5,True
렌,Ren,수뱀,296,634842743,110401,4616486082650,276989164959000,340,5,True
렌,Ren,로렌츠인자,292,625412027,109998,4495458941287,269727536477220,337,5,True
렌,Ren,상현달검,293,614370253,107425,4160212457689,249612747461340,348,1,True
렌,Ren,껨방,296,574018332,107476,4147176272954,248830576377240,337,5,True
렌,Ren,어여령,292,554547793,106809,4055933937205,243356036232300,335,5,True
렌,Ren,사야뿐이야,293,558964078,105301,3911561268163,234693676089780,339,3,True
렌,Ren,오이주렌,294,558664460,104908,3810035861614,228602151696840,342,2,True
렌,Ren,huodfghdjopp,295,484556808,103134,3543822982016,212629378920960,337,5,True
렌,Ren,레주엔,293,457105437,101508,3518648337285,211118900237100,344,5,True
렌,Ren,별고렌,294,473634224,102157,3514774191625,210886451497500,336,5,True
렌,Ren,solo렌,295,469230549,102320,3488401929738,209304115784280,338,4,True
렌,Ren,밀토,294,518580713,102355,3424989679259,205499380755540,344,2,True
렌,Ren,신렌추,296,439360431,100849,3328493807663,199709628459780,339,5,True
렌,Ren,orange렌,291,441791902,100463,3259928782543,195595726952580,338,3,True
렌,Ren,에겐냐,291,456380265,99363,3140389065629,188423343937740,347,5,True
렌,Ren,짭레니,295,587427814,107590,3118042113449,187082526806940,349,2,False
렌,Ren,매화먹은토끼,294,423051910,98533,3074499556970,184469973418200,345,2,True
렌,Ren,재이엄마2세,295,438624679,98060,3067009312132,184020558727920,337,5,True
렌,Ren,꿍꿍찌르,287,478454378,95251,2705536798176,162332207890560,345,3,True
렌,Ren,테위잉,293,474244140,93814,2677188283858,160631297031480,344,2,True
렌,Ren,매송,293,422991094,94472,2637009898548,158220593912880,343,0,True
렌,Ren,오일태닝토끼,293,403247074,92569,2600987579905,156059254794300,345,2,True
렌,Ren,kimsu렌,292,400237926,92202,2589613021196,155376781271760,341,2,True
렌,Ren,따뜻한유자씨,290,417777025,91239,2520821659746,151249299584760,343,2,True
렌,Ren,반딧둥이,293,378614156,90825,2476836450921,148610187055260,340,5,True
렌,Ren,관계자병가,294,390968247,90555,2452819288798,147169157327880,350,2,True
렌,Ren,달렌송이,294,363721386,90121,2436419346864,146185160811840,342,5,True
렌,Ren,렌해탄,295,377899035,89655,2409699788883,144581987332980,342,2,True
렌,Ren,v묵린v,283,490932649,89958,2389110525653,143346631539180,344,5,True
렌,Ren,토끼코겜,289,360296882,89512,2362955865552,141777351933120,349,2,True
렌,Ren,유코렌,292,398607758,93177,2355531002758,141331860165480,346,2,True
렌,Ren,릭로스,292,352352118,87579,2232908720039,133974523202340,339,2,True
렌,Ren,실피나,295,311847083,86318,2219547707050,133172862423000,347,3,True
렌,Ren,빼륨,291,344762662,86125,2168670288033,130120217281980,343,2,True
렌,Ren,먹빛춤사위,295,343415312,85722,2156997113246,129419826794760,342,3,True
렌,Ren,끓물,292,364756957,85179,2130907696189,127854461771340,345,2,True
렌,Ren,붉은눈의은호,294,300260819,82135,1966457656186,117987459371160,344,2,True
루미너스,Luminous,메리니양,296,1039015548,125172,8080158820889,484809529253340,334,7,True
루미너스,Luminous,잘자,296,741741625,115393,5872005437106,352320326226360,336,5,True
루미너스,Luminous,깡김,299,704785181,114078,5286968391411,317218103484660,339,5,True
루미너스,Luminous,회신,296,670662600,111876,4947974948972,296878496938320,337,5,True
루미너스,Luminous,체리나무,298,626399792,109882,4752764535990,285165872159400,337,5,True
루미너스,Luminous,루텔미,293,404185499,98140,3257686828125,195461209687500,337,5,True
루미너스,Luminous,왈렁이,294,388890600,91734,2721970681999,163318240919940,338,5,True
루미너스,Luminous,집책,292,404219757,90258,2470599232889,148235953973340,337,5,True
루미너스,Luminous,쿠렐,291,359255273,87853,2351122367228,141067342033680,341,3,True
루미너스,Luminous,프렌치까망,291,327622011,86222,2230523233309,133831393998540,342,2,True
루미너스,Luminous,먀떳,294,312482125,82569,2006755130855,120405307851300,338,5,True
루미너스,Luminous,메시지함,290,318096098,79612,1661704976582,99702298594920,348,0,False
루미너스,Luminous,겨늘,293,304544346,77394,1577521155152,94651269309120,340,4,False
메르세데스,Mercedes,메알못,296,1263686264,130280,9100513682352,546030820941120,336,5,True
메르세데스,Mercedes,고마오,295,1193556242,128834,8917269350992,535036161059520,336,5,True
메르세데스,Mercedes,넋나비,296,897812626,120939,7253817995570,435229079734200,333,5,True
메르세데스,Mercedes,메르스,296,913348945,121258,6775346263184,406520775791040,337,5,True
메르세데스,Mercedes,우여훈,296,863002017,119474,6610971598320,396658295899200,338,4,True
메르세데스,Mercedes,왕새우,296,807911053,117860,6250131551546,375007893092760,337,5,True
메르세데스,Mercedes,가온별,293,661909670,112473,5092118609825,305527116589500,334,5,True
메르세데스,Mercedes,곽만득45세,296,605155346,110491,4953651718444,297219103106640,336,5,True
메르세데스,Mercedes,망빙,294,623559980,110376,4936497592598,296189855555880,336,5,True
메르세데스,Mercedes,메르사랑,295,650129599,110846,4907983128188,294478987691280,338,4,True
메르세데스,Mercedes,냉면아린,295,664038764,111683,4726501839740,283590110384400,340,3,True
메르세데스,Mercedes,최기윤,295,648338312,110267,4479809859368,268788591562080,341,1,True
메르세데스,Mercedes,람호,291,646750555,107701,4399953346088,263997200765280,338,4,True
메르세데스,Mercedes,모카에,295,536750225,106277,4342341995979,260540519758740,337,4,True
메르세데스,Mercedes,메루루롱,291,535938223,106778,4169636711497,250178202689820,335,5,True
메르세데스,Mercedes,박태근,295,574836161,107220,4060935932822,243656155969320,336,5,True
메르세데스,Mercedes,뽈드시그널,293,546034314,104164,3775466457982,226527987478920,344,2,True
메르세데스,Mercedes,히에다,295,405273126,98928,3472751269896,208365076193760,334,5,True
메르세데스,Mercedes,대k마,291,420483776,97119,3220590618492,193235437109520,339,2,True
메르세데스,Mercedes,슬라임길쭉,291,406225803,93580,3071486226027,184289173561620,336,4,True
메르세데스,Mercedes,네비게이터,295,412962526,95205,3002910024504,180174601470240,337,2,True
메르세데스,Mercedes,엄마야어떡해,293,408558378,93347,2979024708090,178741482485400,339,2,True
메르세데스,Mercedes,경치15퍼무출,285,379235168,89297,2638870961654,158332257699240,338,2,True
메르세데스,Mercedes,쭈빅,291,338462891,90715,2582533085387,154951985123220,339,4,True
메르세데스,Mercedes,다둥이,295,349373785,92139,2424886836297,145493210177820,336,5,False
메르세데스,Mercedes,츠피더,292,380015851,87604,2422073609903,145324416594180,341,3,True
메르세데스,Mercedes,산하,292,323793793,85785,2370279681971,142216780918260,335,4,True
메르세데스,Mercedes,환절기감기,293,360975201,87694,2299109079782,137946544786920,339,3,True
메르세데스,Mercedes,뽕버디,290,300119760,76226,1797199305177,107831958310620,338,4,True
메르세데스,Mercedes,거다브,289,347521290,83411,1780251241078,106815074464680,338,2,False
메르세데스,Mercedes,쁘은,295,457752103,100919,352445555715,21146733342900,343,2,False
메카닉,Mechanic,달뇽,296,803459659,117110,5386189812039,323171388722340,336,5,True
메카닉,Mechanic,니똘,295,764442688,115736,5182857586574,310971455194440,337,5,True
메카닉,Mechanic,새틀라이트,296,729061642,114925,5117774492268,307066469536080,335,6,True
메카닉,Mechanic,탄환님,296,669798709,113504,4789056146112,287343368766720,338,5,True
메카닉,Mechanic,산호안개,291,605666182,109048,4045433869220,242726032153200,338,5,True
메카닉,Mechanic,체인품,295,390715151,99545,3031102699432,181866161965920,337,5,True
메카닉,Mechanic,킬킬,294,424875061,98057,2746458539087,164787512345220,337,5,True
미하일,Mihile,망dnjf,296,850903348,118663,5820290871615,349217452296900,335,5,True
미하일,Mihile,쁘룡,295,829018256,117179,5148431265933,308905875955980,340,2,True
미하일,Mihile,버뜨어,295,770915185,114948,4842750688231,290565041293860,341,2,True
미하일,Mihile,사냥답답함,295,639421163,111237,4497685927797,269861155667820,337,5,True
미하일,Mihile,쇼훼님,294,545671367,104613,3662653091735,219759185504100,341,2,True
미하일,Mihile,방냥,295,510154440,103583,3527274508169,211636470490140,343,2,True
미하일,Mihile,목포해상딸배,295,504131350,104339,3518190147320,211091408839200,340,4,True
미하일,Mihile,빵용태,293,491867404,102416,3253393614961,195203616897660,341,2,True
미하일,Mihile,HB샤프아이즈,291,432916862,100231,3182441213559,190946472813540,340,3,True
미하일,Mihile,의초연,295,400338472,91340,2320095004751,139205700285060,354,2,True
미하일,Mihile,진겸이,295,360409408,89065,2253711014898,135222660893880,342,2,True
미하일,Mihile,산수달교황,290,345032810,87447,2128214572092,127692874325520,343,2,True
미하일,Mihile,고동휘,294,331412345,87859,2013881231722,120832873903320,338,2,True
미하일,Mihile,우가우가,291,323840902,81116,1728972338839,103738340330340,349,2,True
바이퍼,Buccaneer,특수음,295,596728227,109141,4479661391589,268779683495340,339,4,True
바이퍼,Buccaneer,듀크,298,544003664,107247,4337789343374,260267360602440,340,3,True
바이퍼,Buccaneer,해적선장,295,570622683,107323,4240121968826,254407318129560,337,5,True
바이퍼,Buccaneer,벼푸,295,446955738,100636,3475613581391,208536814883460,340,2,True
바이퍼,Buccaneer,ONEPIECE,295,438545134,94863,2914899020236,174893941214160,345,0,True
바이퍼,Buccaneer,찔민,290,431220591,94768,2884054924118,173043295447080,347,0,True
바이퍼,Buccaneer,쟤쉬,293,361261544,90076,2561081924334,153664915460040,339,3,True
바이퍼,Buccaneer,러솔,292,336255603,84042,2153031907008,129181914420480,343,0,True
바이퍼,Buccaneer,dpvp,299,336123612,85010,2115962539592,126957752375520,348,0,True
바이퍼,Buccaneer,해황정세영,293,316152894,78086,1808207458165,108492447489900,338,2,True
바이퍼,Buccaneer,더마독,285,327638971,74398,1564664449526,93879866971560,344,0,True
배틀메이지,Battle Mage,리스크,297,1116056741,124235,6810661654696,408639699281760,340,2,True
배틀메이지,Battle Mage,슈러,293,858138916,116676,5554829465694,333289767941640,339,2,True
배틀메이지,Battle Mage,쩝법사21세,299,703784854,111231,4617811436327,277068686179620,343,0,True
배틀메이지,Battle Mage,하루핏,291,579884510,106132,3970627486655,238237649199300,339,2,True
배틀메이지,Battle Mage,믹청,294,491626775,101857,3388639704507,203318382270420,339,3,True
배틀메이지,Battle Mage,배연G,296,415215942,96285,2917168933363,175030136001780,339,2,True
배틀메이지,Battle Mage,씌라쑤,290,449545877,95601,2665842048864,159950522931840,344,0,True
배틀메이지,Battle Mage,코그배메,291,359025547,83233,1995275839795,119716550387700,348,2,True
배틀메이지,Battle Mage,눕쒀,293,360661125,82730,1942830624080,116569837444800,340,2,True
배틀메이지,Battle Mage,법산데근접,291,340173926,82394,1854074667119,111244480027140,339,2,True
배틀메이지,Battle Mage,JSinna,291,313062624,79706,1849552907284,110973174437040,342,2,True
배틀메이지,Battle Mage,랴언,290,303540292,77906,1744923913442,104695434806520,339,2,True
보우마스터,Bowmaster,백궁,296,1081112181,124966,7322959959239,439377597554340,343,0,True
보우마스터,Bowmaster,파벗,297,877182932,118900,6303017095522,378181025731320,339,2,True
보우마스터,Bowmaster,Reol,296,845075595,118063,6198215670022,371892940201320,342,0,True
보우마스터,Bowmaster,허당,298,854827262,117474,6142415665430,368544939925800,339,2,True
보우마스터,Bowmaster,여기자,296,763285510,115295,5498767505743,329926050344580,339,2,True
보우마스터,Bowmaster,뾰마,295,785992341,115930,5216988753027,313019325181620,342,2,True
보우마스터,Bowmaster,벗들,296,707927206,112865,5149700236839,308982014210340,341,2,True
보우마스터,Bowmaster,덱스톰,292,683877973,111837,5048327118470,302899627108200,341,2,True
보우마스터,Bowmaster,김줄엽,291,605446555,108503,4588269777234,275296186634040,341,0,True
보우마스터,Bowmaster,지잡대메붕이,295,661564324,110739,4580962769436,274857766166160,341,2,True
보우마스터,Bowmaster,장썬희,293,612560012,106893,4306109643193,258366578591580,341,2,True
보우마스터,Bowmaster,감자왕보우,293,620575190,106476,4230904884054,253854293043240,341,2,True
보우마스터,Bowmaster,Marksbowman,300,582208566,107689,4205698171108,252341890266480,350,0,True
보우마스터,Bowmaster,팜킨,295,531435310,105041,3982302210436,238938132626160,341,2,True
보우마스터,Bowmaster,상번,291,506951635,102346,3688107055382,221286423322920,340,2,True
보우마스터,Bowmaster,페코샐,293,455092350,98023,3200640851276,192038451076560,346,2,True
보우마스터,Bowmaster,위대한너구리,289,502629133,98269,3191314306616,191478858396960,340,2,True
보우마스터,Bowmaster,에이놀,294,425452531,95025,2839268289843,170356097390580,339,2,True
보우마스터,Bowmaster,뜬짼,294,410884157,94714,2829674330225,169780459813500,339,3,True
보우마스터,Bowmaster,키소타,292,393646150,89138,2522059279749,151323556784940,340,2,True
보우마스터,Bowmaster,떱졈,292,351339957,85257,2258697321337,135521839280220,339,2,True
보우마스터,Bowmaster,송정균신고충,291,347795084,83559,2199497356496,131969841389760,342,0,True
보우마스터,Bowmaster,별이와단비,295,302175143,83928,2151395558571,129083733514260,339,2,True
보우마스터,Bowmaster,시가니님,294,336101364,86406,1957821202504,117469272150240,340,2,False
보우마스터,Bowmaster,emmet7209,287,318596564,80485,1910623604639,114637416278340,339,2,True
보우마스터,Bowmaster,김선운,290,302496307,77579,1786221722232,107173303333920,346,0,True
보우마스터,Bowmaster,숨겨,291,310511874,77295,1729179511263,103750770675780,344,0,True
블래스터,Blaster,끼토,295,1174706723,127538,8873174973278,532390498396680,337,5,True
블래스터,Blaster,모른,295,807976542,116579,6474265437266,388455926235960,340,2,True
블래스터,Blaster,빠묘,295,834292136,116634,6248472830263,374908369815780,339,2,True
블래스터,Blaster,브뤠스토,296,702284346,113404,5561149027789,333668941667340,342,2,True
블래스터,Blaster,늑대아이,296,688405266,111721,5473278939517,328396736371020,337,2,True
블래스터,Blaster,윤재엽,296,708206427,112659,5364324851747,321859491104820,340,4,True
블래스터,Blaster,손망가져,295,638971041,109717,5054184177032,303251050621920,340,2,True
블래스터,Blaster,NO1단정,295,611750011,108968,4797730477032,287863828621920,340,3,True
블래스터,Blaster,해석학시러여,293,597821795,106787,4425097696309,265505861778540,343,2,True
블래스터,Blaster,괘고기,293,560347865,105699,4266263274571,255975796474260,343,2,True
블래스터,Blaster,안피곤,294,555937207,104389,4224851264489,253491075869340,342,2,True
블래스터,Blaster,옥량,298,541790661,105386,4191183928896,251471035733760,342,3,True
블래스터,Blaster,쉽덕왔다감,295,383953111,94846,3220311237675,193218674260500,336,3,True
블래스터,Blaster,청화버너,292,413214666,94909,2877611256004,172656675360240,341,2,True
블래스터,Blaster,더블팡,290,375142815,89421,2604253011106,156255180666360,339,2,True
블래스터,Blaster,약질,290,375511172,88899,2458896220176,147533773210560,340,2,True
블래스터,Blaster,계엄비상령,291,303853611,82793,2266126235851,135967574151060,343,2,True
블래스터,Blaster,울지못한날,291,310206248,80666,2097225577890,125833534673400,342,2,True
블래스터,Blaster,귀여운블쨩,291,305706015,78534,1935806616807,116148397008420,347,0,True
블래스터,Blaster,파벙파벙,291,300799131,77085,1734951079510,104097064770600,344,2,True
비숍,Bishop,류아,296,1059071126,124396,7067592437742,424055546264520,336,4,True
비숍,Bishop,차형주,300,1020625652,121317,6030517722475,361831063348500,338,3,True
비숍,Bishop,아침짹,299,938023435,120295,6028089114227,361685346853620,340,2,True
비숍,Bishop,바르바할,296,858597911,117989,5784585308597,347075118515820,339,2,True
비숍,Bishop,emmet7141,297,840050314,116647,5354432446989,321265946819340,346,0,True
비숍,Bishop,므테,296,780326007,115424,5234303364535,314058201872100,338,5,True
비숍,Bishop,길드원심셔틀,296,766189265,115044,5086978003628,305218680217680,344,0,True
비숍,Bishop,힐리,296,747774644,113718,5072275509101,304336530546060,339,3,True
비숍,Bishop,사담,296,713940900,112824,4986306955506,299178417330360,339,2,True
비숍,Bishop,밤히,299,743480016,113462,4948837455177,296930247310620,339,3,True
비숍,Bishop,수매,296,709762397,112213,4723969411173,283438164670380,339,2,True
비숍,Bishop,쩐역,298,720218049,112113,4572029605488,274321776329280,338,3,True
비숍,Bishop,개요,296,612392721,108494,4238441732837,254306503970220,339,3,True
비숍,Bishop,은경,296,618887117,108913,3962222218160,237733333089600,339,3,True
비숍,Bishop,예서는숍,295,589890700,106801,3947346191917,236840771515020,344,0,True
비숍,Bishop,토죠,295,564710199,105427,3851081325307,231064879518420,338,3,True
비숍,Bishop,예쁜토끼,295,590333512,106321,3849186647468,230951198848080,351,0,True
비숍,Bishop,버신,295,536374794,105283,3500387564334,210023253860040,340,2,True
비숍,Bishop,MagicianSiny,296,525836822,103575,3403026115377,204181566922620,339,3,True
비숍,Bishop,작방,295,456846912,99843,3236000476909,194160028614540,337,3,True
비숍,Bishop,x버퍼x,295,506924129,102460,3207076188984,192424571339040,347,0,True
비숍,Bishop,힐한다,295,464727746,100104,2997326965357,179839617921420,343,0,True
비숍,Bishop,쿠넹,292,452444298,96341,2900634182713,174038050962780,336,5,True
비숍,Bishop,처음하는비숏,291,463853107,98163,2826143358539,169568601512340,340,3,True
비숍,Bishop,츄뚜,293,439112326,96529,2786364667669,167181880060140,339,2,True
비숍,Bishop,아스쿠라스,296,403912536,96374,2735859563923,164151573835380,341,2,True
비숍,Bishop,너를사랑한날,294,454091818,95000,2609762611528,156585756691680,343,2,True
비숍,Bishop,나의피와살,292,386569211,91542,2580230093472,154813805608320,338,3,True
비숍,Bishop,찐탑,292,483643137,93816,2471773992947,148306439576820,338,4,True
비숍,Bishop,kanname,296,340157961,87003,2197172439567,131830346374020,338,2,True
비숍,Bishop,명석,291,364899656,88262,2173568274564,130414096473840,338,2,True
비숍,Bishop,떳릉,295,373162323,87823,2078190847443,124691450846580,346,0,True
비숍,Bishop,릇챠,295,357705306,84068,2070045987658,124202759259480,339,3,True
비숍,Bishop,치치2잉,292,367555871,88513,2066183945208,123971036712480,351,0,True
비숍,Bishop,천죠가리,290,363596681,85304,2024856907388,121491414443280,340,2,True
비숍,Bishop,평범한부적,295,341686417,84012,1874403828898,112464229733880,339,2,True
비숍,Bishop,김쇼삐,288,310421602,79977,1778108322440,106686499346400,346,0,True
비숍,Bishop,룽룽e,294,318937764,80033,1748174072391,104890444343460,344,0,True
비숍,Bishop,뇨잼,290,306789085,81099,1677309230388,100638553823280,339,2,True
비숍,Bishop,신난다니,290,326630926,78111,1609718398880,96583103932800,341,2,True
비숍,Bishop,멋당,291,324787425,78941,1607606342162,96456380529720,352,3,True
비숍,Bishop,아네모네,293,308227610,77065,1569849231151,94190953869060,341,2,True
비숍,Bishop,나무위설표,293,304999467,73669,1451413962016,87084837720960,340,2,True
비숍,Bishop,메짱데주,293,305007158,74484,1228783374835,73727002490100,356,0,False
섀도어,Shadower,또빵,296,934110445,119552,6391867303344,383512038200640,337,4,True
섀도어,Shadower,격류,294,992169415,121427,6373530184939,382411811096340,346,4,True
섀도어,Shadower,유언,296,797871574,115400,5419981455102,325198887306120,339,5,True
섀도어,Shadower,컨트롤,295,745818485,113866,5370060892412,322203653544720,340,4,True
섀도어,Shadower,를한,292,730797080,112719,5129194097171,307751645830260,343,4,True
섀도어,Shadower,멀봐,297,661934717,111039,4856163198578,291369791914680,343,5,True
섀도어,Shadower,염승록,292,643320551,109813,4540270266081,272416215964860,340,5,True
섀도어,Shadower,우도도민,295,618880017,108802,4426165888293,265569953297580,346,5,True
섀도어,Shadower,주먹소년,295,576634041,106831,4191857753101,251511465186060,350,3,True
섀도어,Shadower,햄죠,293,542203199,103675,3800576120221,228034567213260,344,4,True
섀도어,Shadower,시부,298,535867750,103747,3684899939585,221093996375100,336,4,True
섀도어,Shadower,박성완,297,478285613,101651,3517458140188,211047488411280,346,3,True
섀도어,Shadower,소메절,293,429669393,93499,2779594850900,166775691054000,350,3,True
섀도어,Shadower,부전박,294,358841631,92282,2731061146566,163863668793960,348,2,True
섀도어,Shadower,므기,296,378917329,91503,2545861431362,152751685881720,345,3,True
섀도어,Shadower,주식투자,295,367101828,89346,2408847496198,144530849771880,345,4,True
섀도어,Shadower,본죽근,290,310809100,79293,1862380508236,111742830494160,359,4,True
섀도어,Shadower,섀도어LYS,295,300977792,80902,1816785937846,109007156270760,382,3,True
섀도어,Shadower,세일날,291,338223937,79459,1793029661757,107581779705420,341,2,True
소울마스터,Dawn Warrior,볼가,295,738557629,114090,5117302176972,307038130618320,337,3,True
소울마스터,Dawn Warrior,선철,296,733098711,113447,5041282707393,302476962443580,339,2,True
소울마스터,Dawn Warrior,주엽,296,648601667,111208,4777269139668,286636148380080,336,5,True
소울마스터,Dawn Warrior,비겅개,295,665251516,112038,4730811989128,283848719347680,336,5,True
소울마스터,Dawn Warrior,메론맛티,296,599889657,108650,4372481853050,262348911183000,339,2,True
소울마스터,Dawn Warrior,하얗고찐득한,297,520230154,104187,3775943302328,226556598139680,340,2,True
소울마스터,Dawn Warrior,윤시롱,293,492450202,102341,3543714904191,212622894251460,340,2,True
소울마스터,Dawn Warrior,장비빨소마,293,489160366,99902,3334745989658,200084759379480,338,3,True
소울마스터,Dawn Warrior,구름아이,293,450039542,98605,3148884909581,188933094574860,339,2,True
소울마스터,Dawn Warrior,참철소마,292,427402804,96466,2980644784600,178838687076000,339,2,True
소울마스터,Dawn Warrior,교통학,292,420724538,93691,2767296860457,166037811627420,338,2,True
소울마스터,Dawn Warrior,So클라스,296,363386710,94080,2729849752217,163790985133020,348,0,True
소울마스터,Dawn Warrior,새벽녕,293,388245054,93492,2717025413692,163021524821520,340,2,True
소울마스터,Dawn Warrior,Roziu,296,351903252,92017,2365717175333,141943030519980,338,3,True
소울마스터,Dawn Warrior,다리도두번,294,320096809,87762,2324246207793,139454772467580,341,2,True
소울마스터,Dawn Warrior,leese08,291,316997791,82013,1979125773743,118747546424580,338,2,True
소울마스터,Dawn Warrior,김섯토,293,312845530,82266,1944529627190,116671777631400,347,0,True
소울마스터,Dawn Warrior,CelestJSoul,288,354809599,83184,1908052091387,114483125483220,360,0,True
소울마스터,Dawn Warrior,야아아야압얍,289,305749199,79800,1822010150478,109320609028680,349,0,True
소울마스터,Dawn Warrior,설화의종편,293,300000506,79949,1808732852690,108523971161400,346,0,True
스트라이커,Thunder Breaker,벨벨,300,1046881745,125776,8250396729276,495023803756560,338,5,True
스트라이커,Thunder Breaker,아기상어,297,1048553161,124935,7854428767335,471265726040100,337,5,True
스트라이커,Thunder Breaker,묻떠,297,512966008,105033,4231283912114,253877034726840,339,3,True
스트라이커,Thunder Breaker,글윙,294,532321446,104244,4158932212749,249535932764940,338,3,True
스트라이커,Thunder Breaker,돌루망,297,436453653,100188,3509867134334,210592028060040,336,5,True
스트라이커,Thunder Breaker,잔풍,289,454749488,95233,3045336539439,182720192366340,341,2,True
스트라이커,Thunder Breaker,태희상어발사,293,372570520,92381,2833231054341,169993863260460,340,2,True
신궁,Marksman,도스석궁,295,1132809874,126634,8144782040012,488686922400720,341,0,True
신궁,Marksman,신꿍,298,822075690,119808,6327908961514,379674537690840,336,4,True
신궁,Marksman,야마구치,296,703658835,113582,5019447796975,301166867818500,342,3,True
신궁,Marksman,콩다요,294,541589243,104714,3655790372507,219347422350420,339,2,True
신궁,Marksman,식초시초,295,446758038,99019,3247996654054,194879799243240,338,2,True
신궁,Marksman,시잉궁,294,458409122,99031,3224726434608,193483586076480,341,0,True
신궁,Marksman,응애1칸,291,312048376,79388,1682090536355,100925432181300,339,2,True
아델,Adele,먼지배코,297,1411863478,132899,10257134175462,615428050527720,335,5,True
아델,Adele,꾸넛,296,1016938684,123669,7670540136505,460232408190300,335,7,True
아델,Adele,발걸음,296,967748882,122688,7341073087917,440464385275020,340,5,True
아델,Adele,환산,295,889700033,119459,6614654271314,396879256278840,336,5,True
아델,Adele,넹가,296,810057855,117363,5779593670794,346775620247640,338,5,True
아델,Adele,냐검,295,751139740,114123,5311345218154,318680713089240,338,4,True
아델,Adele,Given,298,693300098,113220,5257497645039,315449858702340,338,5,True
아델,Adele,악어새,295,654734647,112361,5237994103865,314279646231900,337,5,True
아델,Adele,맥쁘,296,685462354,112012,5120922076902,307255324614120,339,5,True
아델,Adele,쌍큼한맛양파,296,631419546,111076,5082369559941,304942173596460,339,5,True
아델,Adele,정서나,296,637509673,110961,5072280418617,304336825117020,339,5,True
아델,Adele,채떠,296,652328122,111664,4996686170832,299801170249920,339,5,True
아델,Adele,쪼이꼬래,296,656478402,111115,4966056256584,297963375395040,341,3,True
아델,Adele,Sellas,296,632793823,110059,4927125953174,295627557190440,343,4,True
아델,Adele,울산,295,603474448,110217,4800692392589,288041543555340,338,5,True
아델,Adele,앙셜,296,546844079,107905,4575690630088,274541437805280,339,5,True
아델,Adele,미암대군,294,505507773,103312,3870625516034,232237530962040,339,4,True
아델,Adele,파내,293,517202149,104735,3838511835463,230310710127780,339,5,True
아델,Adele,백야엘,295,451769114,99974,3504549586883,210272975212980,342,3,True
아델,Adele,개학,297,364296355,95971,3175684455957,190541067357420,338,5,True
아델,Adele,메리쿠션,295,388047861,96259,3072354463972,184341267838320,344,2,True
아델,Adele,알팟카,294,389981310,94266,2938254094669,176295245680140,340,5,True
아델,Adele,헤이나델,292,382472576,91873,2845121940783,170707316446980,342,3,True
아델,Adele,츄델놀리,290,351610328,90791,2604307439281,156258446356860,345,3,True
아델,Adele,료꽁,296,312331182,87744,2432168249238,145930094954280,338,4,True
아델,Adele,셰도윈,294,314293256,85295,2346355482274,140781328936440,340,3,True
아델,Adele,날라간더아아,293,319578289,85219,2321908017086,139314481025160,339,4,True
아델,Adele,10032s,292,349040226,85240,2306535986549,138392159192940,340,5,True
아델,Adele,델은채,292,301856459,83353,2221224053540,133273443212400,339,4,True
아델,Adele,박땡준,295,301373850,82289,2203933316624,132235998997440,338,5,True
아델,Adele,주예수,290,328434509,82832,2068535263904,124112115834240,342,5,True
아델,Adele,무한천,292,316878876,82824,1980307253505,118818435210300,363,3,True
아델,Adele,웅규니,292,309388819,79672,1976147126072,118568827564320,340,3,True
아델,Adele,썽잎,294,324137025,80992,1950761038834,117045662330040,350,2,True
아델,Adele,뽀송날다람쥐,292,317760969,78059,1789489794410,107369387664600,337,5,True
아델,Adele,민트초코라떼,293,320999837,80864,1787553008267,107253180496020,342,4,False
아델,Adele,17시언저리,286,301027152,73818,1636425578280,98185534696800,347,3,True
아델,Adele,I석양I,291,305358092,77729,1594948683778,95696921026680,344,3,False
아란,Aran,이이노미코,295,761862448,115399,5709926219335,342595573160100,338,3,True
아란,Aran,윤윤,299,754653804,114691,5705855654472,342351339268320,338,2,True
아란,Aran,동해왈꺼저,296,645777733,109950,4758742530863,285524551851780,339,1,True
아란,Aran,원이함,295,556129332,102654,3666379524480,219982771468800,337,3,True
아란,Aran,페이퍼비행기,295,483047591,100993,3607824246474,216469454788440,338,3,True
아란,Aran,십영,293,481539195,100673,3518391719699,211103503181940,340,2,True
아란,Aran,젭이,292,482687078,99308,3338093694211,200285621652660,337,2,True
아란,Aran,엘니헨,296,469777146,100458,3182931157185,190975869431100,339,2,True
아란,Aran,물고기닷,296,397530845,95167,3052832047457,183169922847420,338,2,True
아란,Aran,하늘날개,294,393529478,91833,2692453639560,161547218373600,345,0,True
아란,Aran,나랑찌,295,354099958,91212,2689073011057,161344380663420,348,0,True
아란,Aran,아삭아삭한햄,292,404734418,88477,2280809855123,136848591307380,347,0,True
아란,Aran,중명,295,341612788,89705,2271684237280,136301054236800,348,0,False
아란,Aran,정어리맛빙수,293,307031098,83501,2163983868438,129839032106280,338,2,True
아크,Ark,일기,297,998491868,123550,7582285199413,454937111964780,336,5,True
아크,Ark,격증,296,840100106,119044,7040566477119,422433988627140,336,5,True
아크,Ark,도민준,296,801001826,118492,6532591382665,391955482959900,345,3,True
아크,Ark,격렬이,296,734584064,114582,5767417446271,346045046776260,346,3,True
아크,Ark,머리미러,294,642196346,112743,5763325808438,345799548506280,338,4,True
아크,Ark,슈반,296,671686924,113441,5468404438903,328104266334180,336,5,True
아크,Ark,싸따,293,624492575,110613,4808244207376,288494652442560,346,3,True
아크,Ark,아크맛감자칩,295,601301333,109646,4660912559029,279654753541740,348,4,True
아크,Ark,눈병,296,538673252,108041,4447242306993,266834538419580,338,5,True
아크,Ark,캬류나,294,535386244,104279,4308919094257,258535145655420,340,4,True
아크,Ark,seven세븐,296,483501296,103185,4292813595945,257568815756700,337,5,True
아크,Ark,용화,294,515871652,104003,4172449342581,250346960554860,349,4,True
아크,Ark,도현이뒤짐,291,532733583,102685,3953958007688,237237480461280,341,3,True
아크,Ark,진영주,294,462450885,102338,3604801617976,216288097078560,344,3,True
아크,Ark,헤랴,295,385813019,93763,3276273890881,196576433452860,336,5,True
아크,Ark,전설의움직임,292,350131438,92882,3066887799647,184013267978820,340,3,True
아크,Ark,피셜,290,447681089,95732,3048585408420,182915124505200,346,4,True
아크,Ark,별따라지난날,294,336720127,93553,2845431187987,170725871279220,350,2,True
아크,Ark,지얼병,295,321198065,81905,2083914683312,125034880998720,348,2,True
"아크메이지(불,독)","Arch Mage (Fire, Poison)",에브,297,1411363023,133156,10840364221762,650421853305720,336,6,True
"아크메이지(불,독)","Arch Mage (Fire, Poison)",앙꼬,297,1038354607,123130,7846238571761,470774314305660,337,5,True
"아크메이지(불,독)","Arch Mage (Fire, Poison)",그서,296,934148505,120958,7031567162113,421894029726780,339,5,True
"아크메이지(불,독)","Arch Mage (Fire, Poison)",쿨닉,296,1018793100,122462,6845765446426,410745926785560,354,4,True
"아크메이지(불,독)","Arch Mage (Fire, Poison)",사왕,297,894964999,119268,6662726273644,399763576418640,337,5,True
"아크메이지(불,독)","Arch Mage (Fire, Poison)",번화,297,823526804,116807,5862428194392,351745691663520,338,5,True
"아크메이지(불,독)","Arch Mage (Fire, Poison)",불괴독,296,775183394,115579,5437880520483,326272831228980,339,5,True
"아크메이지(불,독)","Arch Mage (Fire, Poison)",제천대성,295,751183294,112771,5085069426766,305104165605960,337,5,True
"아크메이지(불,독)","Arch Mage (Fire, Poison)",졍이,294,655711058,109880,4695819337746,281749160264760,337,5,True
"아크메이지(불,독)","Arch Mage (Fire, Poison)",64bit,287,720314069,110068,4490058409148,269403504548880,336,5,True
"아크메이지(불,독)","Arch Mage (Fire, Poison)",우제,296,533966675,105885,4489399105704,269363946342240,336,5,True
"아크메이지(불,독)","Arch Mage (Fire, Poison)",푸를J,291,583890491,107665,4332492581974,259949554918440,341,5,True
"아크메이지(불,독)","Arch Mage (Fire, Poison)",도래밍,295,655486724,107549,4246935156516,254816109390960,340,5,True
"아크메이지(불,독)","Arch Mage (Fire, Poison)",해병도퍼,292,469097243,102182,3582652230332,214959133819920,380,5,True
"아크메이지(불,독)","Arch Mage (Fire, Poison)",유애,296,431134159,96774,3269883864560,196193031873600,337,5,True
"아크메이지(불,독)","Arch Mage (Fire, Poison)",강한모험,286,472115807,96321,3253869037748,195232142264880,338,5,True
"아크메이지(불,독)","Arch Mage (Fire, Poison)",혜띤,292,477305216,100210,3147912541603,188874752496180,342,3,False
"아크메이지(불,독)","Arch Mage (Fire, Poison)",뗏챠비,290,432293282,93227,2924719525902,175483171554120,337,5,True
"아크메이지(불,독)","Arch Mage (Fire, Poison)",닉스저격,297,396058474,93238,2817546847833,169052810869980,339,5,True
"아크메이지(불,독)","Arch Mage (Fire, Poison)",시로네,290,371515568,92084,2769200321252,166152019275120,336,4,True
"아크메이지(불,독)","Arch Mage (Fire, Poison)",쓰설람지,291,336231675,86078,2276171283199,136570276991940,343,5,True
"아크메이지(불,독)","Arch Mage (Fire, Poison)",불닭츠,295,345660640,83540,2033650210438,122019012626280,337,3,True
"아크메이지(불,독)","Arch Mage (Fire, Poison)",우림잉,295,308840715,81053,1905716551149,114342993068940,337,5,True
"아크메이지(불,독)","Arch Mage (Fire, Poison)",나날이날자,292,315510259,79680,1698234154607,101894049276420,340,4,False
"아크메이지(불,독)","Arch Mage (Fire, Poison)",크렘린,296,340435375,89998,747661699096,44859701945760,334,5,False
"아크메이지(썬,콜)","Arch Mage (Ice, Lightning)",응급,297,1354860732,131903,9958090099971,597485405998260,339,2,True
"아크메이지(썬,콜)","Arch Mage (Ice, Lightning)",번빙,297,847594473,117612,5962254250839,357735255050340,335,5,True
"아크메이지(썬,콜)","Arch Mage (Ice, Lightning)",두쫀쿠무봤니,293,820664941,114336,5137994800350,308279688021000,339,2,True
"아크메이지(썬,콜)","Arch Mage (Ice, Lightning)",Gabri,297,700975332,112198,5126747286237,307604837174220,339,2,True
"아크메이지(썬,콜)","Arch Mage (Ice, Lightning)",참자,300,743842174,112511,4847491563367,290849493802020,341,2,True
"아크메이지(썬,콜)","Arch Mage (Ice, Lightning)",최고리사,295,668989932,110182,4766064792609,285963887556540,338,2,True
"아크메이지(썬,콜)","Arch Mage (Ice, Lightning)",Liam,295,621278448,109334,4637317453027,278239047181620,339,2,True
"아크메이지(썬,콜)","Arch Mage (Ice, Lightning)",스해,295,626118783,109861,4185226887973,251113613278380,340,2,True
"아크메이지(썬,콜)","Arch Mage (Ice, Lightning)",뒹굴땡굴땡굴,295,574130963,105364,3729872223769,223792333426140,336,5,True
"아크메이지(썬,콜)","Arch Mage (Ice, Lightning)",김나현준,297,492230903,102145,3407742276238,204464536574280,339,3,True
"아크메이지(썬,콜)","Arch Mage (Ice, Lightning)",목서리,294,416391774,94078,2970227389015,178213643340900,340,2,True
"아크메이지(썬,콜)","Arch Mage (Ice, Lightning)",리니추,293,409507336,93452,2843740624869,170624437492140,342,0,True
"아크메이지(썬,콜)","Arch Mage (Ice, Lightning)",럭key가이,293,317143814,88668,2517814053468,151068843208080,339,2,True
"아크메이지(썬,콜)","Arch Mage (Ice, Lightning)",꽁꽁무출,285,384287110,88721,2447447843183,146846870590980,340,2,True
"아크메이지(썬,콜)","Arch Mage (Ice, Lightning)",코베,292,382436455,87234,2103215732866,126192943971960,338,2,False
"아크메이지(썬,콜)","Arch Mage (Ice, Lightning)",별물약,293,347686272,85337,2095776958272,125746617496320,342,2,True
"아크메이지(썬,콜)","Arch Mage (Ice, Lightning)",융삐악,293,334116153,81048,2064280779045,123856846742700,339,2,True
"아크메이지(썬,콜)","Arch Mage (Ice, Lightning)",코탬니,291,354137130,82558,2063459920572,123807595234320,339,2,True
"아크메이지(썬,콜)","Arch Mage (Ice, Lightning)",파랑이,287,324163225,83075,2003877060553,120232623633180,395,2,True
"아크메이지(썬,콜)","Arch Mage (Ice, Lightning)",이빈Y,295,364885780,82551,1989900961416,119394057684960,341,2,True
"아크메이지(썬,콜)","Arch Mage (Ice, Lightning)",쩜프캣,295,312900418,82903,1927747280932,115664836855920,338,2,True
"아크메이지(썬,콜)","Arch Mage (Ice, Lightning)",파랑네코,290,314529047,79914,1892842825744,113570569544640,341,2,True
"아크메이지(썬,콜)","Arch Mage (Ice, Lightning)",탬슈,291,309437550,78149,1823891125817,109433467549020,341,2,True
"아크메이지(썬,콜)","Arch Mage (Ice, Lightning)",메린이이쿠욧,290,307462833,77353,1745971068684,104758264121040,338,2,True
"아크메이지(썬,콜)","Arch Mage (Ice, Lightning)",번쩍팟,295,316464618,78834,1739429696301,104365781778060,346,0,True
"아크메이지(썬,콜)","Arch Mage (Ice, Lightning)",이상기체,292,328240983,82034,1710845366621,102650721997260,363,0,False
"아크메이지(썬,콜)","Arch Mage (Ice, Lightning)",츤달,295,331696450,84791,1585472543283,95128352596980,369,0,False
에반,Evan,패스트푸드,295,854328414,117022,5644434770194,338666086211640,338,5,True
에반,Evan,보구,295,800401585,115627,5583534473377,335012068402620,343,2,True
에반,Evan,메론맛,295,832431698,116464,5307585250465,318455115027900,339,2,True
에반,Evan,옴지만,294,747401960,113080,5210025556986,312601533419160,340,2,True
에반,Evan,길팻,296,804044262,114981,5154457723550,309267463413000,342,2,True
에반,Evan,진수야쩔해줘,295,715731004,112167,4944149345561,296648960733660,342,2,True
에반,Evan,임니,295,696842634,111349,4641638024128,278498281447680,339,5,True
에반,Evan,머랭반,295,590975781,107174,4470521725972,268231303558320,338,5,True
에반,Evan,의미없는금일,295,604952708,107130,4376160187645,262569611258700,340,2,True
에반,Evan,뇨노,295,531655596,105192,4083458049809,245007482988540,339,5,True
에반,Evan,몽마마,292,571392582,104561,3720668762718,223240125763080,340,3,True
에반,Evan,사흉,292,606988162,105959,3594577203816,215674632228960,343,5,False
에반,Evan,정근,294,477023807,100919,3565314324072,213918859444320,345,5,True
에반,Evan,전력질주,294,504635305,102944,3500528643061,210031718583660,340,5,True
에반,Evan,재사용,294,517598778,101158,3422787266883,205367236012980,339,4,True
에반,Evan,캉모,287,497076814,98587,3363616856578,201817011394680,339,3,True
에반,Evan,펄끼,294,405481794,92679,2711826292696,162709577561760,341,2,True
에반,Evan,어진하늘,292,376254224,89631,2489780849123,149386850947380,340,5,True
에반,Evan,주하딤,293,359603823,87836,2473316803199,148399008191940,351,2,True
에반,Evan,용그크,291,367469186,86595,2262063622267,135723817336020,349,2,True
에반,Evan,띠먼,292,344125530,83383,2143982034245,128638922054700,353,2,True
에반,Evan,에반버린남자,293,328351099,83157,2084062448077,125043746884620,340,2,True
에반,Evan,죠닢,293,354130660,81284,1983263653444,118995819206640,338,2,True
에반,Evan,광속,288,330686681,80825,1946422611806,116785356708360,345,2,True
에반,Evan,에수닝,291,336387232,81992,1884623067419,113077384045140,349,2,True
에반,Evan,도르마모,292,309319045,77492,1814051754010,108843105240600,343,2,True
에반,Evan,합곡,289,304655383,75227,1555135275863,93308116551780,342,2,True
에반,Evan,늠름룡,294,319854562,79329,1526842771721,91610566303260,347,0,False
엔젤릭버스터,Angelic Buster,무출,299,1098391924,126494,8285189551396,497111373083760,335,5,True
엔젤릭버스터,Angelic Buster,또미,296,919791158,121746,6863270806968,411796248418080,336,5,True
엔젤릭버스터,Angelic Buster,시드포인트,296,882796614,119012,6370676503942,382240590236520,336,5,True
엔젤릭버스터,Angelic Buster,아잉븝미,296,826098239,117811,5998135803107,359888148186420,336,5,True
엔젤릭버스터,Angelic Buster,연격,298,730291861,114852,5344655901286,320679354077160,336,5,True
엔젤릭버스터,Angelic Buster,사이,295,700052638,113391,5142683061423,308560983685380,338,3,True
엔젤릭버스터,Angelic Buster,류시연,295,592097391,108535,4280956151605,256857369096300,336,5,True
엔젤릭버스터,Angelic Buster,극덕,294,568405683,106729,4138085686276,248285141176560,337,3,True
엔젤릭버스터,Angelic Buster,북청평야,295,466532278,102353,3569720642119,214183238527140,335,5,True
엔젤릭버스터,Angelic Buster,새질녘,296,423453217,98972,3263640517555,195818431053300,338,2,True
엔젤릭버스터,Angelic Buster,딴따라새우,291,415574228,94223,2837547311374,170252838682440,339,3,True
엔젤릭버스터,Angelic Buster,한꼬집,293,419094637,91026,2583818728988,155029123739280,340,2,True
엔젤릭버스터,Angelic Buster,Dark4716,291,343480678,89476,2284127699899,137047661993940,336,5,True
엔젤릭버스터,Angelic Buster,AFooFA,291,345217420,85577,2251018151201,135061089072060,341,2,True
엔젤릭버스터,Angelic Buster,엔버씨,293,321775698,83323,2167478085899,130048685153940,336,5,True
엔젤릭버스터,Angelic Buster,그리므르,290,331979480,82948,2095940361813,125756421708780,341,2,True
엔젤릭버스터,Angelic Buster,챈린,292,302115937,82175,2069726007668,124183560460080,338,3,True
엔젤릭버스터,Angelic Buster,현대처녀학,291,336548175,83665,2063694090446,123821645426760,342,2,True
엔젤릭버스터,Angelic Buster,리리노노,290,353686995,84209,2017025721324,121021543279440,340,3,True
와일드헌터,Wild Hunter,시준,297,869404986,118244,6228480847646,373708850858760,335,6,True
와일드헌터,Wild Hunter,갓혁,296,770369023,116423,5584650207706,335079012462360,338,4,True
와일드헌터,Wild Hunter,김앰비,297,744290552,114652,5361073431268,321664405876080,336,5,True
와일드헌터,Wild Hunter,드뜬,296,386639167,95886,2929604885989,175776293159340,337,5,True
와일드헌터,Wild Hunter,원숭이재훈,295,377953493,94031,2743339753443,164600385206580,339,4,True
와일드헌터,Wild Hunter,끼도,285,370820779,79908,1912933084960,114775985097600,337,5,True
와일드헌터,Wild Hunter,메이포스토,292,315879228,80164,1830712412616,109842744756960,341,2,True
윈드브레이커,Wind Archer,Phalang,296,914025557,120365,6919537480904,415172248854240,333,5,True
윈드브레이커,Wind Archer,세살,295,696698459,113850,5501187564759,330071253885540,334,5,True
윈드브레이커,Wind Archer,안깅,295,690143108,113051,5220489693611,313229381616660,333,5,True
윈드브레이커,Wind Archer,퍼텐설에너지,294,644651760,111268,4862471883590,291748313015400,333,5,True
윈드브레이커,Wind Archer,읜부,293,644989233,109920,4581042525189,274862551511340,334,5,True
윈드브레이커,Wind Archer,돌갤,296,570833283,108888,4343554835374,260613290122440,335,5,True
윈드브레이커,Wind Archer,메니저,296,573062737,108274,4320942589184,259256555351040,336,5,True
윈드브레이커,Wind Archer,자개미,296,509938904,105475,3993829502752,239629770165120,333,5,True
윈드브레이커,Wind Archer,리루이,295,518237591,105535,3957147278681,237428836720860,335,4,True
윈드브레이커,Wind Archer,시솨,292,506741652,99598,3250224812348,195013488740880,334,5,True
윈드브레이커,Wind Archer,깃대,294,408846050,97829,3127527263085,187651635785100,334,5,True
윈드브레이커,Wind Archer,메로냐,295,398140867,97481,3040584584000,182435075040000,336,4,True
윈드브레이커,Wind Archer,기능석,294,393668901,94473,2889621164863,173377269891780,333,5,True
윈드브레이커,Wind Archer,몬숨,287,371515824,91720,2584968734710,155098124082600,335,3,True
윈드브레이커,Wind Archer,남궁리라,293,365257040,92101,2582219939655,154933196379300,337,4,True
윈드브레이커,Wind Archer,기자,290,396766398,89528,2444720845036,146683250702160,335,5,True
윈드브레이커,Wind Archer,추추윈추,290,343687216,87466,2313720736589,138823244195340,335,5,True
윈드브레이커,Wind Archer,바현,291,373122724,86774,2273201508476,136392090508560,333,5,True
윈드브레이커,Wind Archer,곈턱,292,318762421,84666,2207312764027,132438765841620,335,5,True
윈드브레이커,Wind Archer,렁묘,290,310747795,83999,2169712762026,130182765721560,333,5,True
윈드브레이커,Wind Archer,아시리파,292,320570025,85885,2146644668054,128798680083240,338,2,True
윈드브레이커,Wind Archer,마히윈,291,322285725,83101,2107754271734,126465256304040,335,5,True
윈드브레이커,Wind Archer,볼택쓰,292,377701877,90763,2073995080464,124439704827840,336,5,False
윈드브레이커,Wind Archer,65232,284,305409438,73467,1507612738232,90456764293920,349,0,True
은월,Shade,코겜,296,1043635355,125638,7662693430561,459761605833660,345,5,True
은월,Shade,달꿈,297,1126000268,126351,7569936695565,454196201733900,341,5,True
은월,Shade,드르,296,860819510,119282,6286041955132,377162517307920,343,5,True
은월,Shade,도링,297,793225604,116026,5193981244759,311638874685540,348,2,True
은월,Shade,수능Day73,297,708019954,113738,5008667754372,300520065262320,346,5,True
은월,Shade,청뉴비,290,587235116,108293,4062172848680,243730370920800,345,5,True
은월,Shade,혀노아,293,505323062,103001,3610873677816,216652420668960,349,4,True
은월,Shade,박은묘,290,337461699,82122,1902448246131,114146894767860,349,2,True
일리움,Illium,서킷,296,950683247,121595,6844727788108,410683667286480,336,4,True
일리움,Illium,리움,296,849790233,118123,6030677576892,361840654613520,346,3,True
일리움,Illium,FirstRetry,296,760070085,115524,5640525187986,338431511279160,338,4,True
일리움,Illium,해리스파러,297,767132429,114442,5405756898292,324345413897520,339,2,True
일리움,Illium,댈람이,298,736142774,114914,5262312739763,315738764385780,388,3,True
일리움,Illium,헤테로,297,687776752,112616,4913330657322,294799839439320,349,2,True
일리움,Illium,가뜨,298,705039518,112111,4909073653121,294544419187260,385,2,True
일리움,Illium,샴툴,295,536820338,105885,3972819540492,238369172429520,338,3,True
일리움,Illium,니쳐,293,507162667,102574,3578291117794,214697467067640,343,2,True
일리움,Illium,패차윙비트,294,482267189,100427,3433521132529,206011267951740,339,3,True
일리움,Illium,안도휘,291,393661464,93778,2698521115126,161911266907560,340,2,True
일리움,Illium,응테로,285,340108811,80494,2074985495211,124499129712660,347,2,True
일리움,Illium,애착여아,293,313253818,80575,1963946166749,117836770004940,347,2,True
제논,Xenon,오파츠코드,299,1147161742,125874,8988224106178,539293446370680,337,5,True
제논,Xenon,사원,297,1048771288,122323,8225791084815,493547465088900,335,5,True
제논,Xenon,쿨삭,299,953710274,119636,7333425012049,440005500722940,343,5,True
제논,Xenon,토그,296,711023047,112195,5704590585694,342275435141640,336,5,True
제논,Xenon,유챔부캐,289,770590049,113071,5626404623172,337584277390320,333,5,True
제논,Xenon,타란,295,727047857,111923,5558619975193,333517198511580,337,3,True
제논,Xenon,한캐,292,687694454,111384,5523303168671,331398190120260,334,5,True
제논,Xenon,쿠뉴,292,672910430,109927,5110888767572,306653326054320,340,5,True
제논,Xenon,네모난종이,295,575899337,106585,4569521398672,274171283920320,335,5,True
제논,Xenon,유엉유엉,292,564478543,104831,4309426260904,258565575654240,342,5,True
제논,Xenon,제논데수와요,296,436923483,97705,3496078382848,209764702970880,348,4,True
제논,Xenon,키텔,295,386407828,94219,3171100249688,190266014981280,337,3,True
제논,Xenon,팔크,292,349140617,90465,2740940429261,164456425755660,347,4,True
제논,Xenon,하영언니,288,413095235,88939,2499493502851,149969610171060,349,3,True
제논,Xenon,어걔맞아,294,363558173,85206,2291898156111,137513889366660,337,3,True
제논,Xenon,종나쌔네,291,318797659,81850,2128386018971,127703161138260,336,5,True
제논,Xenon,영주아커만,291,320894034,79723,1951318823056,117079129383360,347,3,True
제논,Xenon,현웅,290,304034208,79188,1913871011037,114832260662220,337,3,True
제논,Xenon,SnowMan,292,301033639,78868,1888486019699,113309161181940,340,2,True
제논,Xenon,정단해,286,300733711,73710,1618554588436,97113275306160,348,4,True
제로,Zero,포능,296,871669858,118911,6908329151836,414499749110160,343,5,True
제로,Zero,한림예고,296,842002867,117176,6578845006243,394730700374580,350,2,True
제로,Zero,핵꿀,296,678728516,112186,5735478119203,344128687152180,337,5,True
제로,Zero,과자사람,295,691110864,114214,5599837591389,335990255483340,343,5,True
제로,Zero,sudo,288,724710257,113715,5225438188614,313526291316840,335,5,True
제로,Zero,딧요,296,637433858,112366,5134601263157,308076075789420,341,5,True
제로,Zero,강적,296,582370369,108265,4662882189613,279772931376780,336,5,True
제로,Zero,헤징,295,519764905,106246,4581600153865,274896009231900,340,5,True
제로,Zero,툐으,294,530166393,107187,4524998288098,271499897285880,337,5,True
제로,Zero,페어야,295,563751767,107214,4521356071033,271281364261980,340,5,True
제로,Zero,틱톡,295,612980798,110573,4490329599249,269419775954940,381,3,False
제로,Zero,잉쩽,294,532432275,105321,4489512895825,269370773749500,338,5,True
제로,Zero,판도라,290,609654103,108571,4219062064197,253143723851820,344,5,False
제로,Zero,METE,295,454581515,102355,4082857133105,244971427986300,343,5,True
제로,Zero,엘트피,295,507253477,105244,4056409083873,243384545032380,360,6,True
제로,Zero,돌환,294,446854054,102280,4030993332574,241859599954440,342,5,True
제로,Zero,저항,292,523269762,102104,3645788647075,218747318824500,347,3,True
제로,Zero,쌍신희,295,426550798,99474,3439852618912,206391157134720,350,2,True
제로,Zero,존재성,291,428404958,93307,2958206820783,177492409246980,378,5,True
제로,Zero,무무젤리,292,384842958,92630,2878217129190,172693027751400,347,2,True
제로,Zero,로더하,291,351209869,87702,2770631589883,166237895392980,343,2,True
제로,Zero,라즐리,291,367572745,87072,2652135148148,159128108888880,337,5,True
제로,Zero,AlphaisBeta,292,350580252,90702,2628702146518,157722128791080,347,3,True
제로,Zero,최애의만월,291,351743657,87879,2422147595694,145328855741640,340,5,True
제로,Zero,브로젤,292,341197376,87344,2364562653336,141873759200160,340,5,True
제로,Zero,흐밍밈,291,300846466,83656,2305355982521,138321358951260,343,2,True
제로,Zero,선체,292,315366650,84080,2251410835406,135084650124360,339,2,True
제로,Zero,Shanic,295,319852691,83524,2220257959432,133215477565920,341,3,True
제로,Zero,인헤솔,292,323358576,85250,2158859826512,129531589590720,347,4,False
제로,Zero,메이릴,290,343828191,84974,2118807108496,127128426509760,345,5,False
제로,Zero,이닌,291,328090895,83593,2086840301030,125210418061800,341,5,False
제로,Zero,루헤리,292,310700390,80755,2068643944455,124118636667300,347,2,True
제로,Zero,밤이슬꽃,292,304133916,79429,1997991706278,119879502376680,346,2,True
제로,Zero,믐볼,291,304315333,79974,1887504671416,113250280284960,347,2,False
제로,Zero,째로,291,314867493,79294,1738162193541,104289731612460,369,2,False
제로,Zero,미강,290,304184371,78822,1663665524561,99819931473660,346,2,False
카데나,Cadena,Deep,296,901964668,120353,7580380448043,454822826882580,344,3,True
카데나,Cadena,죠린,296,861120217,119195,7522375486283,451342529176980,343,5,True
카데나,Cadena,환타쉐이커,296,897118729,119628,7366587625169,441995257510140,337,6,True
카데나,Cadena,형찐,294,677686802,113505,6556451705220,393387102313200,338,7,True
카데나,Cadena,시미터,295,739664564,115634,6450659286958,387039557217480,341,4,True
카데나,Cadena,화월령,295,796353414,116730,6270818060090,376249083605400,337,5,True
카데나,Cadena,킴잔중일땐좀,295,742098822,114884,6219351099082,373161065944920,339,5,True
카데나,Cadena,화속빠따,293,713686566,113399,6177658354423,370659501265380,345,5,True
카데나,Cadena,전귀,294,705530285,112104,6010685067503,360641104050180,339,5,True
카데나,Cadena,카더우드,294,676861805,112636,5977246153326,358634769199560,338,5,True
카데나,Cadena,뭉이잉,295,630482449,111077,5966340470115,357980428206900,344,5,True
카데나,Cadena,하애꼬,296,654642112,111521,5836559800494,350193588029640,346,3,True
카데나,Cadena,미예,296,642549467,111410,5825700696872,349542041812320,340,5,True
카데나,Cadena,짱인,295,622274073,107556,5095317923914,305719075434840,342,3,True
카데나,Cadena,본캐링,295,570447576,108353,4937758897935,296265533876100,343,4,True
카데나,Cadena,왕초보,295,583862068,107458,4925144846651,295508690799060,341,5,True
카데나,Cadena,시코레,292,569456120,106758,4907147872628,294428872357680,338,5,True
카데나,Cadena,지창나,292,533253037,104785,4632091969860,277925518191600,340,5,True
카데나,Cadena,귤맛이,295,459037859,103938,4545323856711,272719431402660,339,4,True
카데나,Cadena,카데나vp,295,488724649,104101,4515586142456,270935168547360,339,5,True
카데나,Cadena,민썩,292,527147297,102365,4410511083871,264630665032260,344,5,True
카데나,Cadena,폭쇄,292,571117343,105472,4139551510187,248373090611220,340,4,False
카데나,Cadena,슬쥐,295,466055285,100672,3985071879677,239104312780620,340,5,True
카데나,Cadena,치즈호빵,295,479847033,101911,3885499059515,233129943570900,336,4,True
카데나,Cadena,의미없는서유,292,465040697,96790,3636716264138,218202975848280,343,3,True
카데나,Cadena,꾸알,294,382343980,94023,3089963281033,185397796861980,342,4,True
카데나,Cadena,바니데나,294,356786082,90379,2821603563621,169296213817260,341,4,True
카데나,Cadena,정원석,292,330171485,86150,2681489317996,160889359079760,342,3,True
카데나,Cadena,흉폭견,293,366816894,87464,2656799194740,159407951684400,340,5,True
카데나,Cadena,적녹림,288,386473109,86766,2639955988230,158397359293800,344,2,True
카데나,Cadena,해킹싫어오,294,330464409,89651,2600415617863,156024937071780,351,3,False
카데나,Cadena,됴룐룡,289,373278502,86202,2474028486071,148441709164260,340,3,True
카데나,Cadena,도원경카데나,292,328998732,84644,2358184263035,141491055782100,345,3,True
카데나,Cadena,운은응응,290,361382111,81803,2244406170950,134664370257000,342,2,True
카데나,Cadena,슈려,288,321682463,81658,2221347223339,133280833400340,342,2,True
카데나,Cadena,똥만쌈,290,309506008,77757,1934178976215,116050738572900,342,4,True
카데나,Cadena,체인곡예사,290,320582451,82762,1876551445968,112593086758080,345,3,False
카데나,Cadena,하메,290,388243352,87073,1839106311954,110346378717240,344,4,False
카이저,Kaiser,배배,297,1528195484,135979,11235801277653,674148076659180,338,6,True
카이저,Kaiser,다피,297,974027237,123581,7343992720731,440639563243860,345,5,True
카이저,Kaiser,피기군,295,918606046,120340,6390426062858,383425563771480,340,4,True
카이저,Kaiser,불뇽,295,800938823,117823,6152461006792,369147660407520,340,5,True
카이저,Kaiser,Fail,295,703519789,113919,5225719593578,313543175614680,339,5,True
카이저,Kaiser,사튠,296,648613023,112224,5062216841676,303733010500560,339,5,True
카이저,Kaiser,탐뀨,296,617877238,110430,4513743597102,270824615826120,348,5,True
카이저,Kaiser,공잘현준,295,538173313,105365,4008331236828,240499874209680,340,4,True
카이저,Kaiser,악망,295,493244713,104056,3838645663606,230318739816360,339,4,True
카이저,Kaiser,솔라넴,293,317638768,84898,2077922638814,124675358328840,335,5,True
카인,Kain,헹장군,297,1081101770,125478,8588074329373,515284459762380,335,4,True
카인,Kain,꽁기,296,946307524,121913,7692713240603,461562794436180,337,4,True
카인,Kain,살듯,294,936750865,121101,7275699909117,436541994547020,337,5,True
카인,Kain,피룽,296,804447494,117084,6416201778177,384972106690620,337,4,True
카인,Kain,힛댜힛댜,296,684565438,114246,6221002800199,373260168011940,337,4,True
카인,Kain,믈빙건,295,623276329,111440,5423679823679,325420789420740,337,5,True
카인,Kain,오팡식,296,678942886,113059,5398758222974,323925493378440,334,4,True
카인,Kain,star헤는,295,676674402,112025,5110736176429,306644170585740,339,2,True
카인,Kain,적폐인,296,536134710,106643,4614698041409,276881882484540,339,2,True
카인,Kain,쏵즈,292,514494019,105368,4295649738346,257738984300760,337,2,True
카인,Kain,꼬물마녀,294,474613878,101798,4077286908541,244637214512460,338,3,True
카인,Kain,뇽파,295,484743645,103592,3846009192410,230760551544600,335,5,True
카인,Kain,이겅,291,400280101,95449,3351492005706,201089520342360,336,4,True
카인,Kain,랭쿨,293,406044484,96001,3324094730646,199445683838760,344,3,True
카인,Kain,지키치키,294,396107551,98258,3270169027030,196210141621800,342,2,True
카인,Kain,과외샘,297,380774510,95600,3118074906485,187084494389100,336,2,True
카인,Kain,무지개맛총,292,336586516,89083,2842784545714,170567072742840,337,2,True
카인,Kain,Klotho,291,333058122,87650,2599620463835,155977227830100,338,2,True
카인,Kain,차식카인,290,355253858,85568,2455292398778,147317543926680,338,2,True
카인,Kain,휴봄,296,346109495,88963,2425897690036,145553861402160,345,2,False
카인,Kain,젬군,293,332304826,86430,2323689077477,139421344648620,334,4,True
칼리,Khali,사류,299,1022922738,125311,8539254568577,512355274114620,338,5,True
칼리,Khali,영애,296,871023930,120447,7560957554919,453657453295140,337,5,True
칼리,Khali,흙접도,294,695402661,113175,5556108721601,333366523296060,335,5,True
칼리,Khali,lP1l,296,629379797,111018,5518348508654,331100910519240,342,5,True
칼리,Khali,요쿄,296,614069391,109787,5066375324816,303982519488960,339,4,True
칼리,Khali,딩띠,294,577551835,107464,4853785176858,291227110611480,336,4,True
칼리,Khali,칼리얏,295,563346261,107604,4812959926903,288777595614180,336,5,True
칼리,Khali,루공,295,519105147,106307,4539574706612,272374482396720,340,5,True
칼리,Khali,이타드칼리,298,541130047,105269,4458226070105,267493564206300,335,5,True
칼리,Khali,wnddjgld,294,446004655,97491,3644632613269,218677956796140,337,4,True
칼리,Khali,칼버풀,292,414096615,94523,3056640415597,183398424935820,342,3,True
칼리,Khali,황사속차크람,291,380645638,91679,2989332778489,179359966709340,342,4,True
칼리,Khali,슉앤착,293,372820591,90829,2751155070389,165069304223340,338,4,True
칼리,Khali,김기치,295,352251268,87932,2655970049399,159358202963940,343,2,True
칼리,Khali,파이모래,291,328704959,86957,2600675554019,156040533241140,338,4,True
칼리,Khali,삐허,291,315104668,84180,2584267061682,155056023700920,336,4,True
칼리,Khali,킴잔칼,288,351661963,85455,2476962137713,148617728262780,338,3,True
칼리,Khali,머범칼리,290,306049443,81638,2116620067846,126997204070760,338,4,True
칼리,Khali,연자히,288,300913271,76553,1713733018338,102823981100280,339,4,False
캐논슈터,Cannoneer,큐링,297,1133098480,126457,7690204119974,461412247198440,336,5,True
캐논슈터,Cannoneer,제뻐,296,938290414,120582,6236618577054,374197114623240,342,2,True
캐논슈터,Cannoneer,쿠크해,297,786593526,116361,5428336291629,325700177497740,338,3,True
캐논슈터,Cannoneer,말캉콩떡,297,787187015,116188,5387122595402,323227355724120,337,5,True
캐논슈터,Cannoneer,시라이쿠로코,293,567338133,106519,4054923861902,243295431714120,341,2,True
캐논슈터,Cannoneer,OwO꼬맹이,295,551624272,106021,3897573262167,233854395730020,340,3,True
캐논슈터,Cannoneer,준병알,291,510612442,101822,3470686150638,208241169038280,337,3,True
캐논슈터,Cannoneer,대포에버,296,438307451,99955,3241633655042,194498019302520,336,5,True
캐논슈터,Cannoneer,캐논샷범키,291,350757911,94124,2732915402692,163974924161520,335,5,True
캐논슈터,Cannoneer,버닝맨,293,361757142,87418,2232036261560,133922175693600,343,2,True
캐논슈터,Cannoneer,화에큐,293,348986132,86331,2197458349186,131847500951160,356,0,True
캐논슈터,Cannoneer,왼팔의맙소사,291,309458327,78226,1740546163392,104432769803520,341,2,True
캡틴,Corsair,사선추격,299,972297150,123062,7049005277126,422940316627560,337,3,True
캡틴,Corsair,미캡,296,694869232,113382,5157436771280,309446206276800,338,3,True
캡틴,Corsair,별거,297,668558344,109511,4426520856284,265591251377040,338,3,True
캡틴,Corsair,카루루롱,290,631518700,109345,4222504863100,253350291786000,337,2,True
캡틴,Corsair,꼬모얏,291,554639827,106693,4111089173881,246665350432860,339,3,True
캡틴,Corsair,몰랑콩떡,291,531819221,105341,3854695336609,231281720196540,339,3,True
캡틴,Corsair,로캉탱,295,545671727,106462,3835591060282,230135463616920,338,2,True
캡틴,Corsair,타훈,292,513822799,102096,3379777168471,202786630108260,339,2,True
캡틴,Corsair,혁규,294,488725588,98513,3178858943543,190731536612580,337,2,True
캡틴,Corsair,명과,295,455017393,98539,3040310822986,182418649379160,340,2,True
캡틴,Corsair,옐캡틴,293,424276415,96279,2918832236388,175129934183280,337,3,True
캡틴,Corsair,가짜캡틴,294,388475809,90112,2586632362451,155197941747060,340,2,True
캡틴,Corsair,선장님나가신,294,352708078,89395,2490610941058,149436656463480,340,2,True
캡틴,Corsair,키공,293,388586956,89895,2406114968533,144366898111980,339,4,True
캡틴,Corsair,캡틴수라드,292,358084473,87074,2370750365993,142245021959580,341,2,True
캡틴,Corsair,츄스톨,292,379955283,87170,2350600340857,141036020451420,340,3,True
캡틴,Corsair,여으낙,292,357956467,85101,2215185399325,132911123959500,337,5,True
캡틴,Corsair,무덤짓기,293,349144098,84719,2134469727818,128068183669080,339,2,True
캡틴,Corsair,푸른수소,288,336877218,80753,1993239189118,119594351347080,337,3,True
캡틴,Corsair,스텔,290,303774602,78538,1032997960307,61979877618420,339,3,False
키네시스,Kinesis,언루아,295,814013880,117187,6185743426832,371144605609920,341,5,True
키네시스,Kinesis,루이3855,296,413127417,98038,3343029686723,200581781203380,345,0,True
키네시스,Kinesis,말랑새이,293,402802157,92243,2798336201463,167900172087780,341,3,True
키네시스,Kinesis,옹설이,295,369070327,89108,2449183963101,146951037786060,346,0,True
키네시스,Kinesis,차원역학,289,301598545,80722,1971708776598,118302526595880,349,2,True
팔라딘,Paladin,외해,296,1111398774,126492,7583030527927,454981831675620,343,4,True
팔라딘,Paladin,홀뤼,297,721043060,113251,5025550337589,301533020255340,346,3,True
팔라딘,Paladin,솜인형,294,753118086,113352,5012643072399,300758584343940,337,3,True
팔라딘,Paladin,장당,295,730954695,113156,4781444904621,286886694277260,337,4,True
팔라딘,Paladin,더붕,296,754033578,113745,4500679436270,270040766176200,340,4,True
팔라딘,Paladin,이지안,296,592655359,109760,4370310557727,262218633463620,335,7,True
팔라딘,Paladin,옥수수수홍차,296,598403823,109014,4286002270817,257160136249020,338,4,True
팔라딘,Paladin,토컨,296,491080709,102326,3441574401391,206494464083460,338,3,True
팔라딘,Paladin,타지,295,512494819,102923,3417721332225,205063279933500,339,4,True
팔라딘,Paladin,햄지니,294,504599313,101393,3255292151282,195317529076920,338,4,True
팔라딘,Paladin,침물,293,428817523,97417,2966727827098,178003669625880,338,4,True
팔라딘,Paladin,달콤한면,292,386450739,92658,2411929687667,144715781260020,336,5,True
팔라딘,Paladin,쌀븜돌이,290,460791377,95139,2350620439046,141037226342760,343,3,False
팔라딘,Paladin,정면,292,404263508,91506,2332611573647,139956694418820,345,0,True
팔라딘,Paladin,박하얀,291,319544661,79416,1766552759176,105993165550560,338,3,True
패스파인더,Pathfinder,ProEpi,297,962844194,122814,7084711921366,425082715281960,336,5,True
패스파인더,Pathfinder,자쪼,296,763686135,117442,5657707064988,339462423899280,339,5,True
패스파인더,Pathfinder,고순띠,296,748900076,115925,5542006764035,332520405842100,337,5,True
패스파인더,Pathfinder,정남,297,787305354,116973,5492240933944,329534456036640,343,5,True
패스파인더,Pathfinder,운비,295,723415445,114419,5200927193463,312055631607780,338,4,True
패스파인더,Pathfinder,패인,293,715321022,114084,5133421553892,308005293233520,335,5,True
패스파인더,Pathfinder,핏둥,297,659178895,114393,5072605116388,304356306983280,336,6,True
패스파인더,Pathfinder,슴단,295,588952660,111004,4766408785870,285984527152200,336,5,True
패스파인더,Pathfinder,츠모,295,606718237,110016,4279675131449,256780507886940,335,5,True
패스파인더,Pathfinder,뷔청,296,603068045,110099,4271505984106,256290359046360,335,5,True
패스파인더,Pathfinder,블라디라임,294,442049562,101069,3296433937434,197786036246040,337,4,True
패스파인더,Pathfinder,템패,290,420526687,96768,2970571950946,178234317056760,336,4,True
패스파인더,Pathfinder,쵸덴,294,367688078,95419,2864233898135,171854033888100,336,5,True
패스파인더,Pathfinder,201903120156,296,429051486,95778,2791799296054,167507957763240,336,4,True
패스파인더,Pathfinder,길잡이JJ,292,378797471,92231,2489850843237,149391050594220,336,4,True
패스파인더,Pathfinder,쫄눈,292,365561311,89767,2427508738210,145650524292600,341,3,True
패스파인더,Pathfinder,알도르수행원,295,369490317,89478,2407154038640,144429242318400,337,4,True
패스파인더,Pathfinder,포우,291,308540013,84212,2123328417456,127399705047360,338,4,True
팬텀,Phantom,블랙잭,296,1200986576,130038,8712222790665,522733367439900,334,7,True
팬텀,Phantom,VSCode,290,817161843,117810,5719587748158,343175264889480,335,5,True
팬텀,Phantom,악몽,298,889730844,118088,5237954599373,314277275962380,341,7,True
팬텀,Phantom,스킬다내끄임,296,679985413,113107,4814506323530,288870379411800,336,5,True
팬텀,Phantom,잭페이트,297,678153157,111726,4699373382243,281962402934580,335,5,True
팬텀,Phantom,해준영,291,592185335,108820,4279146355979,256748781358740,336,4,True
팬텀,Phantom,뭐내가뭐,295,533286184,106247,4034420646247,242065238774820,334,5,True
팬텀,Phantom,삐야갸,295,548154284,105901,3879845594590,232790735675400,335,5,True
팬텀,Phantom,민채솔,293,529952902,105460,3857235161373,231434109682380,338,5,True
팬텀,Phantom,부족이,295,535066744,106644,3856457662298,231387459737880,344,5,True
팬텀,Phantom,닉슨,296,498887863,105600,3828812355825,229728741349500,338,5,True
팬텀,Phantom,부의장,293,502547185,104315,3671829504197,220309770251820,341,5,True
팬텀,Phantom,서호아범,293,491909540,103824,3415746390321,204944783419260,341,5,True
팬텀,Phantom,패로,295,506879750,100444,3302486468233,198149188093980,335,5,True
팬텀,Phantom,패앤텀,295,423696641,99788,3257690352757,195461421165420,335,5,True
팬텀,Phantom,재빠른밍구,294,467942154,102870,3237794858751,194267691525060,337,5,True
팬텀,Phantom,양지식,295,374776834,97251,3027193622037,181631617322220,338,5,True
팬텀,Phantom,명적,294,346657166,94411,2830663207598,169839792455880,336,5,True
팬텀,Phantom,YK07,291,453456729,91862,2690970046644,161458202798640,340,4,True
팬텀,Phantom,때늦음,290,381976709,92646,2636332667358,158179960041480,338,5,True
팬텀,Phantom,l무적의괴도l,294,339871592,90783,2549395486239,152963729174340,337,5,True
팬텀,Phantom,아리아결혼해,295,374740531,88926,2332934874902,139976092494120,336,4,True
팬텀,Phantom,불꽃가능맨,291,373169265,87222,2297173432266,137830405935960,337,4,True
팬텀,Phantom,뻐보,291,350314519,86046,2239971529906,134398291794360,335,5,True
팬텀,Phantom,젬탱,292,330020619,85075,2140956626449,128457397586940,336,5,True
팬텀,Phantom,미들대,290,308970221,83090,2048597399094,122915843945640,337,5,True
팬텀,Phantom,껄룩잼미,290,355610445,84743,1984358867898,119061532073880,338,5,True
팬텀,Phantom,팬텀경제학,291,306197769,78200,1760228594271,105613715656260,338,4,True
팬텀,Phantom,설태,291,303021426,77569,1690650392690,101439023561400,335,5,True
플레임위자드,Blaze Wizard,배경,294,1287758510,130109,8645222339491,518713340369460,338,6,True
플레임위자드,Blaze Wizard,늘지,296,868196860,119607,6605378582466,396322714947960,336,5,True
플레임위자드,Blaze Wizard,밤의유리,295,873033328,118861,6472080855470,388324851328200,336,6,True
플레임위자드,Blaze Wizard,Oo적애oO,295,751611537,113889,5287112004347,317226720260820,339,5,True
플레임위자드,Blaze Wizard,논문냥,295,522069559,104026,3787697746087,227261864765220,340,2,True
플레임위자드,Blaze Wizard,BegaBird,297,426234034,99047,3372275268877,202336516132620,337,5,True
플레임위자드,Blaze Wizard,메이푸리,296,373631135,93547,2804901734423,168294104065380,339,2,True
호영,Hoyoung,다부니,298,1034186821,124135,7655937983360,459356279001600,340,2,True
호영,Hoyoung,호칸,297,772893954,117498,5973983600245,358439016014700,336,5,True
호영,Hoyoung,여무아,297,774473730,116885,5843120101288,350587206077280,342,3,True
호영,Hoyoung,마비노기,298,709104064,114117,5604293663474,336257619808440,339,3,True
호영,Hoyoung,당소,296,701287011,113590,5432036204805,325922172288300,341,2,True
호영,Hoyoung,승genih,296,699243705,113936,5416649491333,324998969479980,342,2,True
호영,Hoyoung,여행을좋아해,295,616841035,110026,4638200817368,278292049042080,340,3,True
호영,Hoyoung,익쿠모,294,594919284,107869,4287465861458,257247951687480,338,3,True
호영,Hoyoung,아온츄,295,580155707,106992,4234296483480,254057789008800,340,2,True
호영,Hoyoung,초상비,294,527851010,104885,3971060534007,238263632040420,341,3,True
호영,Hoyoung,디프,296,426456040,100300,3350228346077,201013700764620,337,3,True
호영,Hoyoung,호꼿,293,404878843,94922,2803876450973,168232587058380,337,5,True
호영,Hoyoung,돌싱운기,292,344804091,91466,2702836200126,162170172007560,340,2,True
호영,Hoyoung,웅둘웅둘,290,388648810,92069,2574309415033,154458564901980,350,0,True
호영,Hoyoung,도사정현,294,325147829,89286,2418845568479,145130734108740,345,2,True
호영,Hoyoung,소환사아랑,293,312144812,78964,1600821001535,96049260092100,350,0,False
히어로,Hero,Face1ess,296,966219936,121662,6893760289378,413625617362680,339,3,True
히어로,Hero,으노,298,860690512,117947,6096070245321,365764214719260,337,3,True
히어로,Hero,무궁화,296,820179595,117644,5899931632039,353995897922340,339,3,True
히어로,Hero,고드,295,725032076,112681,5055088551685,303305313101100,339,3,True
히어로,Hero,나영진,296,586688297,108366,4376479550575,262588773034500,341,3,True
히어로,Hero,먹는게좋아여,296,634302481,108430,4359913669623,261594820177380,339,3,True
히어로,Hero,혼진,295,575806440,107628,4321097431214,259265845872840,338,3,True
히어로,Hero,대직도,296,574808317,107518,4265423400162,255925404009720,339,3,True
히어로,Hero,퀸태연,296,501190235,103482,3676739805382,220604388322920,336,5,True
히어로,Hero,편두통,293,390294313,97336,3099490056798,185969403407880,340,3,True
히어로,Hero,꼭어,291,428708114,94828,2935052280185,176103136811100,340,3,True
히어로,Hero,맨날하던그거,290,374964555,89014,2484303407305,149058204438300,339,3,True
히어로,Hero,시골히어로,290,321768918,85102,2199249829185,131954989751100,338,3,True
히어로,Hero,멱태,294,343222624,85174,2168305607142,130098336428520,339,3,True
히어로,Hero,소드퍼레이드,295,330304388,85736,2167830927363,130069855641780,339,2,True
히어로,Hero,김민키,293,305675119,80950,1973388365854,118403301951240,338,3,True
